filename,prompt01,prompt02,prompt03,prompt04,prompt05,prompt06
2024321543,"The text is generally well-written, but there are a few areas where clarity and grammatical accuracy can be improved:

1. **Punctuation and Syntax Errors**: The first sentence is quite long and could be broken down for better readability. Consider splitting it into two sentences:
   - ""Since the introduction of flexible electrodes in the early 2000s, substantial progress has been made in the field of wearable electrochemical biosensors. Numerous biosensor prototypes have been developed to detect biomarkers in biofluids other than blood, such as sweat, tears, and interstitial fluid, in a minimally invasive or non-invasive manner.""

2. **Repetition and Redundancy**: The phrase ""capable of detecting glucose concentration in sweat"" is repeated in the second and third sentences. Consider rephrasing to avoid redundancy:
   - ""The first fully integrated wearable patch-based epidermal sensors, introduced in 2016, were capable of detecting glucose concentration in sweat. This was because sweat can be easily obtained in abundant quantities, making it a viable alternative to blood for biomarker detection.""

3. **Complex Sentence Structure**: The sentence starting with ""This publication demonstrated..."" is quite complex and could be simplified for clarity:
   - ""This publication demonstrated that sweat could be a viable alternative to blood for biomarker detection, given its easy and abundant availability. The patch-based sensor type became a desirable option for non-invasive wearable sensors, especially when technologies such as microfluidic systems were introduced to minimize contamination and ensure accurate readings. These sensors have shown potential for stable data sensing under various environmental conditions, such as changes in temperature, humidity, and physical activity.""

4. **Agreement Error**: In the sentence ""In 2022, an epidermal platform to stimulate, collect, and analyze glucose levels in sweat using a single integrated device was introduced, which combined sweat stimulation through the transdermal delivery of pilocarpine using the iontophoresis process via skin conformal elastomer,"" the relative clause ""which combined..."" should be rephrased for clarity:
   - ""In 2022, an epidermal platform was introduced to stimulate, collect, and analyze glucose levels in sweat using a single integrated device. This platform combined sweat stimulation through the transdermal delivery of pilocarpine using the iontophoresis process via a skin-conformal elastomer.""

5. **Unidiomatic Expression**: The phrase ""Building on these technological advancements, I plan to develop next-generation continuous wearable glucose sensors with improved sensitivity and durability to accurately sense glucose level trends over several weeks"" could be slightly rephrased for clarity:
   - ""Building on these technological advancements, I plan to develop next-generation continuous wearable glucose sensors with improved sensitivity and durability, capable of accurately sensing glucose level trends over several weeks.""

By addressing these issues, the text will be clearer and more grammatically accurate.",<total_errors:10><preposition_errors:0><morphology_errors:0><determiner_errors:0><tense-aspect_errors:0><agreement_errors:1><syntax_errors:2><punctuation_errors:2><spelling_errors:0><unidiomatic_errors:2><multiple_errors:3><miscellaneous_errors:0>,<certainty:85>,<total_errors:9><preposition_errors:0><morphology_errors:0><determiner_errors:0><tense-aspect_errors:0><agreement_errors:1><syntax_errors:2><punctuation_errors:2><spelling_errors:0><unidiomatic_errors:2><multiple_errors:2><miscellaneous_errors:0>,"1. **Syntax Errors (2 errors)**:
   - The first sentence is quite long and could be split for better readability. Breaking it into two sentences can improve clarity: ""Since the introduction of flexible electrodes in the early 2000s, substantial progress has been made in the field of wearable electrochemical biosensors. Numerous biosensor prototypes have been developed to detect biomarkers in biofluids other than blood, such as sweat, tears, and interstitial fluid, in a minimally invasive or non-invasive manner.""
   - The sentence starting with ""This publication demonstrated..."" is complex and could be simplified: ""This publication demonstrated that sweat could be a viable alternative to blood for biomarker detection, given its easy and abundant availability. The patch-based sensor type became a desirable option for non-invasive wearable sensors, especially when technologies such as microfluidic systems were introduced to minimize contamination and ensure accurate readings.""

2. **Punctuation Errors (2 errors)**:
   - In the first sentence, the semicolon before ""e.g."" should be a comma for correct punctuation: ""...biofluids other than blood, e.g., sweat, tears, and interstitial fluid...""
   - The sentence ""The first fully integrated wearable patch-based epidermal sensors were introduced in 2016, capable of detecting glucose concentration in sweat, because sweat can be easily obtained in abundant quantities, making it a viable biomarker detection alternative to blood."" is lengthy and could benefit from clearer punctuation or restructuring to avoid run-on issues.

3. **Agreement Error (1 error)**:
   - In the sentence ""In 2022, an epidermal platform to stimulate, collect, and analyze glucose levels in sweat using a single integrated device was introduced, which combined sweat stimulation through the transdermal delivery of pilocarpine using the iontophoresis process via skin conformal elastomer,"" the relative clause ""which combined..."" should be rephrased for clarity and agreement: ""In 2022, an epidermal platform was introduced to stimulate, collect, and analyze glucose levels in sweat using a single integrated device. This platform combined sweat stimulation through the transdermal delivery of pilocarpine using the iontophoresis process via a skin-conformal elastomer.""

4. **Unidiomatic Errors (2 errors)**:
   - The phrase ""capable of detecting glucose concentration in sweat"" is repeated, which is unidiomatic due to redundancy. Rephrasing can improve the flow: ""The first fully integrated wearable patch-based epidermal sensors, introduced in 2016, were capable of detecting glucose concentration in sweat. This was because sweat can be easily obtained in abundant quantities, making it a viable alternative to blood for biomarker detection.""
   - The phrase ""Building on these technological advancements, I plan to develop next-generation continuous wearable glucose sensors with improved sensitivity and durability to accurately sense glucose level trends over several weeks"" could be slightly rephrased for clarity: ""Building on these technological advancements, I plan to develop next-generation continuous wearable glucose sensors with improved sensitivity and durability, capable of accurately sensing glucose level trends over several weeks.""

5. **Multiple Errors (2 errors)**:
   - The sentence ""The first fully integrated wearable patch-based epidermal sensors were introduced in 2016, capable of detecting glucose concentration in sweat, because sweat can be easily obtained in abundant quantities, making it a viable biomarker detection alternative to blood."" contains multiple issues, including punctuation and unidiomatic expression, which can be addressed by restructuring.
   - The sentence ""This publication demonstrated that sweat could be a viable biomarker detection alternative to blood, given the extent to which sweat can be easily obtained in abundant quantities, making the patch-based sensor type a desirable option for a non-invasive wearable sensor, when technologies such as microfluidic systems were later introduced to minimize contamination and ensure accurate readings of sweat, which has shown potential for stable data sensing under various environmental conditions of sweat samples (e.g., changes in temperature, humidity, and physical activity)."" is overly complex and contains syntax and punctuation issues that can be resolved by breaking it into shorter, clearer sentences.","Since the introduction of flexible electrodes in the early 2000s, substantial progress has been made in the field of wearable electrochemical biosensors. Numerous biosensor prototypes have been developed to detect biomarkers in biofluids other than blood, such as sweat, tears, and interstitial fluid, in a minimally invasive or non-invasive manner. Amongst various biosensors, notable research on flexible and wearable glucose sensors has been published over the past decade, seeking to overcome the limitations of current rigid and invasive glucose monitoring devices. The first fully integrated wearable patch-based epidermal sensors, introduced in 2016, were capable of detecting glucose concentration in sweat. This was because sweat can be easily obtained in abundant quantities, making it a viable alternative to blood for biomarker detection. This publication demonstrated that sweat could be a viable alternative to blood for biomarker detection, given its easy and abundant availability. The patch-based sensor type became a desirable option for non-invasive wearable sensors, especially when technologies such as microfluidic systems were introduced to minimize contamination and ensure accurate readings. These sensors have shown potential for stable data sensing under various environmental conditions, such as changes in temperature, humidity, and physical activity. In 2022, an epidermal platform was introduced to stimulate, collect, and analyze glucose levels in sweat using a single integrated device. This platform combined sweat stimulation through the transdermal delivery of pilocarpine using the iontophoresis process via a skin-conformal elastomer. Building on these technological advancements, I plan to develop next-generation continuous wearable glucose sensors with improved sensitivity and durability, capable of accurately sensing glucose level trends over several weeks."
2024321543,"The text is generally well-written, but there are a few areas where clarity and grammatical accuracy can be improved:

1. **Punctuation Error**: The use of semicolons and commas can be adjusted for better clarity.
   - Original: ""Since the introduction of flexible electrodes in the early 2000s, substantial progress has been made in the field of wearable electrochemical biosensors, as numerous biosensor prototypes have been developed to detect biomarkers in biofluids other than blood; e.g., sweat, tears, and interstitial fluid, in a minimally invasive or non-invasive manner.""
   - Revised: ""Since the introduction of flexible electrodes in the early 2000s, substantial progress has been made in the field of wearable electrochemical biosensors. Numerous biosensor prototypes have been developed to detect biomarkers in biofluids other than blood, such as sweat, tears, and interstitial fluid, in a minimally invasive or non-invasive manner.""

2. **Syntax Error**: The sentence structure can be improved for clarity.
   - Original: ""Amongst various biosensors, notable research on flexible and wearable glucose sensors has been published over the past decade, seeking to overcome the limitations of current rigid and invasive glucose monitoring devices, after the first fully integrated wearable patch-based epidermal sensors were introduced in 2016, capable of detecting glucose concentration in sweat.""
   - Revised: ""Among various biosensors, notable research on flexible and wearable glucose sensors has been published over the past decade. This research seeks to overcome the limitations of current rigid and invasive glucose monitoring devices. The first fully integrated wearable patch-based epidermal sensors, capable of detecting glucose concentration in sweat, were introduced in 2016.""

3. **Repetition and Clarity**: The repetition of ideas can be reduced for conciseness.
   - Original: ""The first fully integrated wearable patch-based epidermal sensors were introduced in 2016, capable of detecting glucose concentration in sweat, because sweat can be easily obtained in abundant quantities, making it a viable biomarker detection alternative to blood.""
   - Revised: ""These sensors were introduced in 2016 because sweat can be easily obtained in abundant quantities, making it a viable alternative to blood for biomarker detection.""

4. **Complex Sentence Structure**: Simplify complex sentences for better readability.
   - Original: ""This publication demonstrated that sweat could be a viable biomarker detection alternative to blood, given the extent to which sweat can be easily obtained in abundant quantities, making the patch-based sensor type a desirable option for a non-invasive wearable sensor, when technologies such as microfluidic systems were later introduced to minimize contamination and ensure accurate readings of sweat, which has shown potential for stable data sensing under various environmental conditions of sweat samples (e.g., changes in temperature, humidity, and physical activity).""
   - Revised: ""This publication demonstrated that sweat could be a viable alternative to blood for biomarker detection, as it can be easily obtained in large quantities. The patch-based sensor type became a desirable option for non-invasive wearable sensors when technologies like microfluidic systems were introduced to minimize contamination and ensure accurate readings. These sensors have shown potential for stable data sensing under various environmental conditions, such as changes in temperature, humidity, and physical activity.""

5. **Clarity and Conciseness**: Improve clarity and reduce redundancy.
   - Original: ""In 2022, an epidermal platform to stimulate, collect, and analyze glucose levels in sweat using a single integrated device was introduced, which combined sweat stimulation through the transdermal delivery of pilocarpine using the iontophoresis process via skin conformal elastomer.""
   - Revised: ""In 2022, an epidermal platform was introduced to stimulate, collect, and analyze glucose levels in sweat using a single integrated device. It combined sweat stimulation through the transdermal delivery of pilocarpine using the iontophoresis process via a skin-conformal elastomer.""

6. **Future Intentions**: Clarify future plans.
   - Original: ""Building on these technological advancements, I plan to develop next-generation continuous wearable glucose sensors with improved sensitivity and durability to accurately sense glucose level trends over several weeks.""
   - Revised: ""Building on these technological advancements, I plan to develop next-generation continuous wearable glucose sensors with improved sensitivity and durability. These sensors will accurately track glucose level trends over several weeks.""

Overall, the revised text improves clarity, reduces redundancy, and enhances grammatical accuracy.",<total_errors:10><preposition_errors:0><morphology_errors:0><determiner_errors:0><tense-aspect_errors:0><agreement_errors:0><syntax_errors:3><punctuation_errors:4><spelling_errors:0><unidiomatic_errors:0><multiple_errors:3><miscellaneous_errors:0>,<certainty:85>,<total_errors:9><preposition_errors:0><morphology_errors:0><determiner_errors:0><tense-aspect_errors:0><agreement_errors:0><syntax_errors:3><punctuation_errors:3><spelling_errors:0><unidiomatic_errors:0><multiple_errors:3><miscellaneous_errors:0>,"1. **Syntax Errors (3 instances)**:
   - **Original**: ""Amongst various biosensors, notable research on flexible and wearable glucose sensors has been published over the past decade, seeking to overcome the limitations of current rigid and invasive glucose monitoring devices, after the first fully integrated wearable patch-based epidermal sensors were introduced in 2016, capable of detecting glucose concentration in sweat.""
   - **Issue**: The sentence is overly complex and contains multiple ideas that could be separated for clarity.
   - **Revised**: ""Among various biosensors, notable research on flexible and wearable glucose sensors has been published over the past decade. This research seeks to overcome the limitations of current rigid and invasive glucose monitoring devices. The first fully integrated wearable patch-based epidermal sensors, capable of detecting glucose concentration in sweat, were introduced in 2016.""

   - **Original**: ""This publication demonstrated that sweat could be a viable biomarker detection alternative to blood, given the extent to which sweat can be easily obtained in abundant quantities, making the patch-based sensor type a desirable option for a non-invasive wearable sensor, when technologies such as microfluidic systems were later introduced to minimize contamination and ensure accurate readings of sweat, which has shown potential for stable data sensing under various environmental conditions of sweat samples (e.g., changes in temperature, humidity, and physical activity).""
   - **Issue**: The sentence is too long and contains multiple clauses that make it difficult to follow.
   - **Revised**: ""This publication demonstrated that sweat could be a viable alternative to blood for biomarker detection, as it can be easily obtained in large quantities. The patch-based sensor type became a desirable option for non-invasive wearable sensors when technologies like microfluidic systems were introduced to minimize contamination and ensure accurate readings. These sensors have shown potential for stable data sensing under various environmental conditions, such as changes in temperature, humidity, and physical activity.""

   - **Original**: ""In 2022, an epidermal platform to stimulate, collect, and analyze glucose levels in sweat using a single integrated device was introduced, which combined sweat stimulation through the transdermal delivery of pilocarpine using the iontophoresis process via skin conformal elastomer.""
   - **Issue**: The sentence structure is complex and can be simplified for clarity.
   - **Revised**: ""In 2022, an epidermal platform was introduced to stimulate, collect, and analyze glucose levels in sweat using a single integrated device. It combined sweat stimulation through the transdermal delivery of pilocarpine using the iontophoresis process via a skin-conformal elastomer.""

2. **Punctuation Errors (3 instances)**:
   - **Original**: ""Since the introduction of flexible electrodes in the early 2000s, substantial progress has been made in the field of wearable electrochemical biosensors, as numerous biosensor prototypes have been developed to detect biomarkers in biofluids other than blood; e.g., sweat, tears, and interstitial fluid, in a minimally invasive or non-invasive manner.""
   - **Issue**: The semicolon is incorrectly used; a comma is more appropriate here.
   - **Revised**: ""Since the introduction of flexible electrodes in the early 2000s, substantial progress has been made in the field of wearable electrochemical biosensors. Numerous biosensor prototypes have been developed to detect biomarkers in biofluids other than blood, such as sweat, tears, and interstitial fluid, in a minimally invasive or non-invasive manner.""

   - **Original**: ""The first fully integrated wearable patch-based epidermal sensors were introduced in 2016, capable of detecting glucose concentration in sweat, because sweat can be easily obtained in abundant quantities, making it a viable biomarker detection alternative to blood.""
   - **Issue**: The sentence structure and punctuation can be improved for clarity.
   - **Revised**: ""These sensors were introduced in 2016 because sweat can be easily obtained in abundant quantities, making it a viable alternative to blood for biomarker detection.""

3. **Multiple Errors (3 instances)**:
   - These errors involve a combination of syntax and punctuation issues that make the sentences difficult to read and understand. The revisions provided above address these issues by breaking down complex sentences into simpler, clearer statements and correcting punctuation for better readability.

Overall, the text required adjustments to improve clarity, readability, and grammatical accuracy.","Since the introduction of flexible electrodes in the early 2000s, substantial progress has been made in the field of wearable electrochemical biosensors. Numerous biosensor prototypes have been developed to detect biomarkers in biofluids other than blood, such as sweat, tears, and interstitial fluid, in a minimally invasive or non-invasive manner. Among various biosensors, notable research on flexible and wearable glucose sensors has been published over the past decade. This research seeks to overcome the limitations of current rigid and invasive glucose monitoring devices. The first fully integrated wearable patch-based epidermal sensors, capable of detecting glucose concentration in sweat, were introduced in 2016. These sensors were introduced because sweat can be easily obtained in abundant quantities, making it a viable alternative to blood for biomarker detection. This publication demonstrated that sweat could be a viable alternative to blood for biomarker detection, as it can be easily obtained in large quantities. The patch-based sensor type became a desirable option for non-invasive wearable sensors when technologies like microfluidic systems were introduced to minimize contamination and ensure accurate readings. These sensors have shown potential for stable data sensing under various environmental conditions, such as changes in temperature, humidity, and physical activity. In 2022, an epidermal platform was introduced to stimulate, collect, and analyze glucose levels in sweat using a single integrated device. It combined sweat stimulation through the transdermal delivery of pilocarpine using the iontophoresis process via a skin-conformal elastomer. Building on these technological advancements, I plan to develop next-generation continuous wearable glucose sensors with improved sensitivity and durability. These sensors will accurately track glucose level trends over several weeks."
2024321543,"The text is generally well-written, but there are a few areas where clarity and grammatical accuracy can be improved:

1. **Punctuation Error**: The use of semicolons and commas can be adjusted for better clarity.
   - Original: ""Since the introduction of flexible electrodes in the early 2000s, substantial progress has been made in the field of wearable electrochemical biosensors, as numerous biosensor prototypes have been developed to detect biomarkers in biofluids other than blood; e.g., sweat, tears, and interstitial fluid, in a minimally invasive or non-invasive manner.""
   - Revised: ""Since the introduction of flexible electrodes in the early 2000s, substantial progress has been made in the field of wearable electrochemical biosensors. Numerous biosensor prototypes have been developed to detect biomarkers in biofluids other than blood, such as sweat, tears, and interstitial fluid, in a minimally invasive or non-invasive manner.""

2. **Syntax Error**: The sentence structure can be improved for clarity.
   - Original: ""Amongst various biosensors, notable research on flexible and wearable glucose sensors has been published over the past decade, seeking to overcome the limitations of current rigid and invasive glucose monitoring devices, after the first fully integrated wearable patch-based epidermal sensors were introduced in 2016, capable of detecting glucose concentration in sweat.""
   - Revised: ""Among various biosensors, notable research on flexible and wearable glucose sensors has been published over the past decade. This research seeks to overcome the limitations of current rigid and invasive glucose monitoring devices. The first fully integrated wearable patch-based epidermal sensors, capable of detecting glucose concentration in sweat, were introduced in 2016.""

3. **Repetition and Clarity**: The repetition of ideas can be reduced for conciseness.
   - Original: ""The first fully integrated wearable patch-based epidermal sensors were introduced in 2016, capable of detecting glucose concentration in sweat, because sweat can be easily obtained in abundant quantities, making it a viable biomarker detection alternative to blood.""
   - Revised: ""These sensors were introduced because sweat can be easily obtained in abundant quantities, making it a viable alternative to blood for biomarker detection.""

4. **Complex Sentence Structure**: Simplify complex sentences for better readability.
   - Original: ""This publication demonstrated that sweat could be a viable biomarker detection alternative to blood, given the extent to which sweat can be easily obtained in abundant quantities, making the patch-based sensor type a desirable option for a non-invasive wearable sensor, when technologies such as microfluidic systems were later introduced to minimize contamination and ensure accurate readings of sweat, which has shown potential for stable data sensing under various environmental conditions of sweat samples (e.g., changes in temperature, humidity, and physical activity).""
   - Revised: ""This publication demonstrated that sweat could be a viable alternative to blood for biomarker detection, as it can be easily obtained in large quantities. The patch-based sensor type became a desirable option for non-invasive wearable sensors. Technologies such as microfluidic systems were later introduced to minimize contamination and ensure accurate readings of sweat, which has shown potential for stable data sensing under various environmental conditions, such as changes in temperature, humidity, and physical activity.""

5. **Clarity and Conciseness**: Improve clarity by breaking down long sentences.
   - Original: ""In 2022, an epidermal platform to stimulate, collect, and analyze glucose levels in sweat using a single integrated device was introduced, which combined sweat stimulation through the transdermal delivery of pilocarpine using the iontophoresis process via skin conformal elastomer.""
   - Revised: ""In 2022, an epidermal platform was introduced to stimulate, collect, and analyze glucose levels in sweat using a single integrated device. This platform combined sweat stimulation through the transdermal delivery of pilocarpine using the iontophoresis process via a skin-conformal elastomer.""

6. **Future Intentions**: Clarify future plans.
   - Original: ""Building on these technological advancements, I plan to develop next-generation continuous wearable glucose sensors with improved sensitivity and durability to accurately sense glucose level trends over several weeks.""
   - Revised: ""Building on these technological advancements, I plan to develop next-generation continuous wearable glucose sensors. These sensors will have improved sensitivity and durability to accurately track glucose level trends over several weeks.""",<total_errors:10><preposition_errors:0><morphology_errors:0><determiner_errors:0><tense-aspect_errors:0><agreement_errors:0><syntax_errors:3><punctuation_errors:3><spelling_errors:0><unidiomatic_errors:0><multiple_errors:0><miscellaneous_errors:4>,<certainty:85>,<total_errors:9><preposition_errors:0><morphology_errors:0><determiner_errors:0><tense-aspect_errors:0><agreement_errors:0><syntax_errors:3><punctuation_errors:3><spelling_errors:0><unidiomatic_errors:0><multiple_errors:0><miscellaneous_errors:3>,"1. **Syntax Errors (3):**
   - **Original:** ""Amongst various biosensors, notable research on flexible and wearable glucose sensors has been published over the past decade, seeking to overcome the limitations of current rigid and invasive glucose monitoring devices, after the first fully integrated wearable patch-based epidermal sensors were introduced in 2016, capable of detecting glucose concentration in sweat.""
   - **Issue:** The sentence is overly complex and difficult to follow due to its length and structure.
   - **Correction:** Break the sentence into smaller, clearer sentences: ""Among various biosensors, notable research on flexible and wearable glucose sensors has been published over the past decade. This research seeks to overcome the limitations of current rigid and invasive glucose monitoring devices. The first fully integrated wearable patch-based epidermal sensors, capable of detecting glucose concentration in sweat, were introduced in 2016.""

2. **Punctuation Errors (3):**
   - **Original:** ""Since the introduction of flexible electrodes in the early 2000s, substantial progress has been made in the field of wearable electrochemical biosensors, as numerous biosensor prototypes have been developed to detect biomarkers in biofluids other than blood; e.g., sweat, tears, and interstitial fluid, in a minimally invasive or non-invasive manner.""
   - **Issue:** The semicolon is incorrectly used; a comma is more appropriate here.
   - **Correction:** Replace the semicolon with a comma: ""...biofluids other than blood, such as sweat, tears, and interstitial fluid, in a minimally invasive or non-invasive manner.""

   - **Original:** ""The first fully integrated wearable patch-based epidermal sensors were introduced in 2016, capable of detecting glucose concentration in sweat, because sweat can be easily obtained in abundant quantities, making it a viable biomarker detection alternative to blood.""
   - **Issue:** The sentence structure and punctuation make it difficult to follow.
   - **Correction:** Simplify and clarify: ""These sensors were introduced because sweat can be easily obtained in abundant quantities, making it a viable alternative to blood for biomarker detection.""

3. **Miscellaneous Errors (3):**
   - **Original:** ""This publication demonstrated that sweat could be a viable biomarker detection alternative to blood, given the extent to which sweat can be easily obtained in abundant quantities, making the patch-based sensor type a desirable option for a non-invasive wearable sensor, when technologies such as microfluidic systems were later introduced to minimize contamination and ensure accurate readings of sweat, which has shown potential for stable data sensing under various environmental conditions of sweat samples (e.g., changes in temperature, humidity, and physical activity).""
   - **Issue:** The sentence is overly long and complex, making it difficult to understand.
   - **Correction:** Break it into smaller sentences for clarity: ""This publication demonstrated that sweat could be a viable alternative to blood for biomarker detection, as it can be easily obtained in large quantities. The patch-based sensor type became a desirable option for non-invasive wearable sensors. Technologies such as microfluidic systems were later introduced to minimize contamination and ensure accurate readings of sweat, which has shown potential for stable data sensing under various environmental conditions, such as changes in temperature, humidity, and physical activity.""

   - **Original:** ""In 2022, an epidermal platform to stimulate, collect, and analyze glucose levels in sweat using a single integrated device was introduced, which combined sweat stimulation through the transdermal delivery of pilocarpine using the iontophoresis process via skin conformal elastomer.""
   - **Issue:** The sentence is complex and could be clearer.
   - **Correction:** Simplify the sentence: ""In 2022, an epidermal platform was introduced to stimulate, collect, and analyze glucose levels in sweat using a single integrated device. This platform combined sweat stimulation through the transdermal delivery of pilocarpine using the iontophoresis process via a skin-conformal elastomer.""","Since the introduction of flexible electrodes in the early 2000s, substantial progress has been made in the field of wearable electrochemical biosensors. Numerous biosensor prototypes have been developed to detect biomarkers in biofluids other than blood, such as sweat, tears, and interstitial fluid, in a minimally invasive or non-invasive manner. Among various biosensors, notable research on flexible and wearable glucose sensors has been published over the past decade. This research seeks to overcome the limitations of current rigid and invasive glucose monitoring devices. The first fully integrated wearable patch-based epidermal sensors, capable of detecting glucose concentration in sweat, were introduced in 2016. These sensors were introduced because sweat can be easily obtained in abundant quantities, making it a viable alternative to blood for biomarker detection. This publication demonstrated that sweat could be a viable alternative to blood for biomarker detection, as it can be easily obtained in large quantities. The patch-based sensor type became a desirable option for non-invasive wearable sensors. Technologies such as microfluidic systems were later introduced to minimize contamination and ensure accurate readings of sweat, which has shown potential for stable data sensing under various environmental conditions, such as changes in temperature, humidity, and physical activity. In 2022, an epidermal platform was introduced to stimulate, collect, and analyze glucose levels in sweat using a single integrated device. This platform combined sweat stimulation through the transdermal delivery of pilocarpine using the iontophoresis process via a skin-conformal elastomer. Building on these technological advancements, I plan to develop next-generation continuous wearable glucose sensors. These sensors will have improved sensitivity and durability to accurately track glucose level trends over several weeks."
